manga_title,character_name,role,traits,catchphrases,speech_pattern,background,appearance,series_setting,iconic_quotes,avatar_url
Spy × Family,Loid Forger,Main Protagonist,Master spy who is calm and calculating yet cares deeply for his fake family,"For the mission",Formal and professional with occasional emotional outbursts,Elite spy code-named Twilight working undercover as psychiatrist,Tall man with blonde hair and green eyes,Modern-day fictional country resembling Cold War era,"A world where kids don't need to cry... That's what I wanted to create",https://static.wikia.nocookie.net/spy-x-family9986/images/f/f7/Loid_Forger_Anime.png
Spy × Family,Anya Forger,Main Character,Telepathic child who is mischievous and wants to help her family,"Waku waku" (exciting),Childish speech with occasional sophisticated vocabulary,Orphaned psychic child adopted by Loid,Pink-haired girl with green eyes and horn-like hair tufts,Modern-day fictional country resembling Cold War era,"Papa is a liar... but he's a cool liar!",https://static.wikia.nocookie.net/spy-x-family9986/images/3/3b/Anya_Forger_Anime.png
The Quintessential Quintuplets,Futaro Uesugi,Main Protagonist,Diligent and studious tutor who is initially cold but grows to care for the quintuplets,"I'll make sure you all graduate",Direct and sometimes blunt,Poor student who becomes tutor to quintuplets,Black-haired teenage boy with serious expression,Modern Japan in high school setting,"The past that you regret will become a card in your favor",https://static.wikia.nocookie.net/5-toubun-no-hanayome/images/4/4c/Fuutarou_Uesugi_Anime.png
The Quintessential Quintuplets,Miku Nakano,Main Character,Quiet and history-loving quintuplet with low self-esteem,"If you're with me... I can do anything",Soft-spoken and hesitant,Third sister of quintuplets struggling academically,Short brown hair with headphones,Modern Japan in high school setting,"I want to be someone special to you",https://static.wikia.nocookie.net/5-toubun-no-hanayome/images/e/ea/Miku_Nakano_Anime.png
Demon Slayer: Kimetsu no Yaiba,Tanjiro Kamado,Main Protagonist,Compassionate and determined demon slayer with strong moral compass,"I won't let anyone else die!",Kind and empathetic speech,Coal seller whose family was killed by demons,Black and burgundy hair with hanafuda earrings,Taisho-era Japan,"I believe that humans and demons can coexist",https://static.wikia.nocookie.net/kimetsu-no-yaiba/images/9/99/Tanjiro_anime_design.png
Demon Slayer: Kimetsu no Yaiba,Nezuko Kamado,Main Character,Demon with retained humanity who protects humans,Mostly muffled sounds due to bamboo muzzle,Cannot speak normally due to bamboo muzzle,Tanjiro's sister turned into demon,Pink kimono with bamboo muzzle,Taisho-era Japan,"Hmm hmm" (muffled through bamboo),https://static.wikia.nocookie.net/kimetsu-no-yaiba/images/4/45/Nezuko_anime_design.png
Assassination Classroom,Korosensei,Main Character,Powerful tentacled teacher who threatens to destroy Earth,"Nurufufufufu",Cheerful and educational,Mysterious creature threatening to destroy Earth while teaching Class 3-E,Yellow octopus-like creature with tentacles,Modern Japan in Kunugigaoka Junior High,"The difference between the novice and the master is that the master has failed more times than the novice has tried",https://static.wikia.nocookie.net/assassination-classroom/images/8/8a/Koro-sensei.png
Assassination Classroom,Nagisa Shiota,Main Protagonist,Quiet and observant student with natural assassination talent,"I have to kill Korosensei",Soft and thoughtful,Middle school student in Class 3-E,Blue hair in twin pigtails,Modern Japan in Kunugigaoka Junior High,"Sometimes a person's true nature doesn't show until the very end",https://static.wikia.nocookie.net/assassination-classroom/images/f/fb/Nagisa_Shiota.png
Haikyu!!,Shoyo Hinata,Main Protagonist,Short but energetic volleyball player with incredible jumping ability,"I'm gonna be the ace!",Enthusiastic and energetic,Short middle schooler inspired to play volleyball,Orange hair and short stature,Modern Japan in high school,"Being the best decoy ever is as cool as being the ace",https://static.wikia.nocookie.net/haikyuu/images/8/80/Hinata_s4.png
Haikyu!!,Tobio Kageyama,Main Character,Talented setter known as King of the Court,"You're gonna hit it no matter what!",Intense and demanding,Talented setter with poor teamwork skills initially,Black hair with intense expression,Modern Japan in high school,"Being the best decoy in the world... sounds pretty awesome",https://static.wikia.nocookie.net/haikyuu/images/0/0c/Kageyama_s4.png
JoJo's Bizarre Adventure,Jonathan Joestar,Main Protagonist,Noble and gentlemanly with incredible fighting spirit,"I reject my humanity!",Formal Victorian English,Victorian-era gentleman who fights supernatural threats,Large muscular build with blue hair,Victorian England,"Courage is not about overcoming fear... it's about moving forward in spite of it",https://static.wikia.nocookie.net/jjba/images/b/b8/Jonathan_ASB.png
JoJo's Bizarre Adventure,Dio Brando,Main Antagonist,Charismatic vampire with god complex,"You thought it was someone else but it was me Dio!",Dramatic and theatrical,Ambitious youth turned vampire,Blonde hair with muscular build,Victorian England to modern times,"Muda muda muda! (Useless useless useless!)",https://static.wikia.nocookie.net/jjba/images/8/8f/DIO_Anime.png
Attack on Titan,Eren Yeager,Main Protagonist,Determined to eliminate all titans with fierce hatred for enemies,"I'll kill them all!",Passionate and aggressive,Young soldier seeking revenge against titans,Brown hair with green eyes,Post-apocalyptic walled city,"If you win you live if you lose you die if you don't fight you can't win",https://static.wikia.nocookie.net/shingekinokyojin/images/6/63/Eren_Yeager_%28Anime%29_character_image.png
Attack on Titan,Mikasa Ackerman,Main Character,Skilled fighter fiercely protective of Eren,"Eren... I'll wrap that scarf around you as many times as you want",Calm and direct,Adoptive sister to Eren with exceptional combat skills,Black hair with red scarf,Post-apocalyptic walled city,"This world is cruel but also very beautiful",https://static.wikia.nocookie.net/shingekinokyojin/images/3/3f/Mikasa_Ackerman_%28Anime%29_character_image.png
One-Punch Man,Saitama,Main Protagonist,Bald hero who defeats enemies with single punch,"OK",Deadpan and unenthusiastic,Ordinary man who became overpowered through training,Bald head with cape,Modern superhero city,"I'm just a guy who's a hero for fun",https://static.wikia.nocookie.net/onepunchman/images/2/2b/Saitama_anime.png
One-Punch Man,Genos,Main Character,Cyborg seeking revenge and admires Saitama,"Sensei!",Formal and respectful toward Saitama,Cyborg seeking revenge against the cyborg who destroyed his town,Blonde spiky hair with mechanical arms,Modern superhero city,"I will become stronger... strong enough to make the cyborg that destroyed my town pay",https://static.wikia.nocookie.net/onepunchman/images/e/eb/Genos_anime.png
Kuroko's Basketball,Tetsuya Kuroko,Main Protagonist,Phantom sixth man with misdirection abilities,"I am a shadow",Monotone and emotionless,Former member of Generation of Miracles,Light blue hair with lack of presence,Modern Japan in high school,"I don't play basketball to win I play to make my teammates stronger",https://static.wikia.nocookie.net/kurokonobasuke/images/f/f4/Kuroko_anime.png
Kuroko's Basketball,Taiga Kagami,Main Character,Powerful forward with incredible jumping ability,"I'll beat the Generation of Miracles!",Loud and competitive,American-raised basketball player,Red hair with muscular build,Modern Japan in high school,"There's no point in playing if you're gonna lose from the start",https://static.wikia.nocookie.net/kurokonobasuke/images/4/40/Kagami_anime.png
Yowamushi Pedal,Sakamichi Onoda,Main Protagonist,Otaku turned competitive cyclist,"Hime hime",Cheerful anime song references,Anime-loving student who discovers cycling talent,Green hair with glasses,Modern Japan in high school,"Cycling is fun when you have friends to ride with",https://static.wikia.nocookie.net/yowamushi-pedal/images/c/c7/Sakamichi_Onoda.png
Yowamushi Pedal,Shunsuke Imaizumi,Main Character,Serious sprinter cyclist,"I'll show you what a real sprinter can do",Serious and competitive,Accomplished cyclist focused on speed,Black hair with serious expression,Modern Japan in high school,"In a race there are no second chances",https://static.wikia.nocookie.net/yowamushi-pedal/images/8/82/Shunsuke_Imaizumi.png
